INSERT INTO quotes VALUES (0, 'You must accept that you might fail.');
INSERT INTO quotes VALUES (1, 'Everyone enjoys doing the kind of work for which he is best suited.');

INSERT INTO flights VALUES('X7X7', 'MARS', '2052-02-15 20:30', '2054-02-15 20:30');
INSERT INTO flights VALUES('BXD8', 'EARTH', '2021-07-04 01:30', '2021-09-04 20:30');
INSERT INTO flights VALUES('AZB9', 'MARS', '2024-07-04 12:20', '2024-08-04 20:30');
INSERT INTO flights VALUES('D89C', 'EARTH', '2028-02-02 14:20', '2028-04-02 17:24');





INSERT INTO PUBLIC.BOOKINGS (BOOKING_ID, IS_SINGLE_WAY, PRICE, FLIGHT, STATUS, CREATED_AT)
VALUES ('random_id', 1, 5900.49, 'X7X7', 'PAID', DEFAULT);
INSERT INTO PUBLIC.BOOKINGS (BOOKING_ID, IS_SINGLE_WAY, PRICE, FLIGHT, STATUS, CREATED_AT) VALUES ('cs_test_a19acBM2lWpliaQZ9ChnQSG2fozXv9Wv6rAAR3IrB4DU6LpSqUHoB5A9Q5', 1, 5196.8, 'X7X7', 'PENDING', '2021-12-24 15:28:01.911341');
INSERT INTO PUBLIC.BOOKINGS (BOOKING_ID, IS_SINGLE_WAY, PRICE, FLIGHT, STATUS, CREATED_AT) VALUES ('cs_test_a1dn80DAfTvsc3ohh7o0zYkHRnNgJWdUmDPhLecJbTuDKExthDmDgtor34', 1, 9516.8, 'X7X7', 'PENDING', '2021-12-24 15:28:22.160405');
INSERT INTO PUBLIC.BOOKINGS (BOOKING_ID, IS_SINGLE_WAY, PRICE, FLIGHT, STATUS, CREATED_AT) VALUES ('cs_test_a112369qE8ACBB6J0XnPzGQInZjlTwIQ69HZTHOR2umFyb5ToHyjx39by8', 1, 6636.8, 'X7X7', 'PENDING', '2021-12-24 15:28:28.271539');
INSERT INTO PUBLIC.BOOKINGS (BOOKING_ID, IS_SINGLE_WAY, PRICE, FLIGHT, STATUS, CREATED_AT) VALUES ('cs_test_a1T47POIH8OM2GYgdgXiDdn6OMQOWHQ9NoR5xzgKSuvaLwbH0XINaIhay5', 1, 6636.8, 'BXD8', 'PENDING', '2021-12-24 15:28:42.099032');
INSERT INTO PUBLIC.BOOKINGS (BOOKING_ID, IS_SINGLE_WAY, PRICE, FLIGHT, STATUS, CREATED_AT) VALUES ('cs_test_a1ANDVbNmcWSbhNZimZpQKW6JTcFEQ7OzXLVZ48KjX94bHHzI5kt43uOzz', 1, 9516.8, 'BXD8', 'PENDING', '2021-12-24 15:28:55.928673');
INSERT INTO PUBLIC.BOOKINGS (BOOKING_ID, IS_SINGLE_WAY, PRICE, FLIGHT, STATUS, CREATED_AT) VALUES ('cs_test_a1JZtQAjtDrFIG4ariRUTjUyTniZ3m9qASNvgask7XfHcO8MRGvPr9QU7u', 1, 5196.8, 'BXD8', 'PENDING', '2021-12-24 15:29:04.732186');




INSERT INTO PUBLIC.BOOKINGPASSENGERS (BOOKING_ID, TICKET_NUMBER, MARS_ID, SEAT, TICKET_CLASS)
VALUES ('random_id', 'random_ticket_number', 'X7X7', 'D7', 'royal');

INSERT INTO PUBLIC.BOOKINGPASSENGERS (BOOKING_ID, TICKET_NUMBER, MARS_ID, SEAT, TICKET_CLASS) VALUES ('cs_test_a19acBM2lWpliaQZ9ChnQSG2fozXv9Wv6rAAR3IrB4DU6LpSqUHoB5A9Q5', '9d2ffc92-e5be-4c7c-9d6d-6b93cae8fd8d', 'BC77XH77', 'C7', 'ECONOMIC');
INSERT INTO PUBLIC.BOOKINGPASSENGERS (BOOKING_ID, TICKET_NUMBER, MARS_ID, SEAT, TICKET_CLASS) VALUES ('cs_test_a19acBM2lWpliaQZ9ChnQSG2fozXv9Wv6rAAR3IrB4DU6LpSqUHoB5A9Q5', '8b7bd41f-a347-46d5-a64e-387377049cb9', 'B77XH7SHQ7', 'C8', 'ECONOMIC');
INSERT INTO PUBLIC.BOOKINGPASSENGERS (BOOKING_ID, TICKET_NUMBER, MARS_ID, SEAT, TICKET_CLASS) VALUES ('cs_test_a1dn80DAfTvsc3ohh7o0zYkHRnNgJWdUmDPhLecJbTuDKExthDmDgtor34', 'e2f69c01-3300-46ab-8be5-57526cac7878', 'IXOXJ8', 'S7', 'ROYAL');
INSERT INTO PUBLIC.BOOKINGPASSENGERS (BOOKING_ID, TICKET_NUMBER, MARS_ID, SEAT, TICKET_CLASS) VALUES ('cs_test_a1dn80DAfTvsc3ohh7o0zYkHRnNgJWdUmDPhLecJbTuDKExthDmDgtor34', '24218184-c9f7-4e62-910e-10898bde33a5', 'XJXIOJ8', 'A9', 'ROYAL');
INSERT INTO PUBLIC.BOOKINGPASSENGERS (BOOKING_ID, TICKET_NUMBER, MARS_ID, SEAT, TICKET_CLASS) VALUES ('cs_test_a112369qE8ACBB6J0XnPzGQInZjlTwIQ69HZTHOR2umFyb5ToHyjx39by8', '79e67816-224e-4861-ad8a-889fee993005', 'IXOXJ8', 'S7', 'BUSINESS');
INSERT INTO PUBLIC.BOOKINGPASSENGERS (BOOKING_ID, TICKET_NUMBER, MARS_ID, SEAT, TICKET_CLASS) VALUES ('cs_test_a112369qE8ACBB6J0XnPzGQInZjlTwIQ69HZTHOR2umFyb5ToHyjx39by8', '1e155155-4d5b-45fe-a82f-915c36d5335c', 'XJXIOJ8', 'A9', 'BUSINESS');
INSERT INTO PUBLIC.BOOKINGPASSENGERS (BOOKING_ID, TICKET_NUMBER, MARS_ID, SEAT, TICKET_CLASS) VALUES ('cs_test_a1T47POIH8OM2GYgdgXiDdn6OMQOWHQ9NoR5xzgKSuvaLwbH0XINaIhay5', '217d0d9e-9cfc-4971-9083-43173a3c3bd2', 'IXOXJ8', 'S7', 'BUSINESS');
INSERT INTO PUBLIC.BOOKINGPASSENGERS (BOOKING_ID, TICKET_NUMBER, MARS_ID, SEAT, TICKET_CLASS) VALUES ('cs_test_a1T47POIH8OM2GYgdgXiDdn6OMQOWHQ9NoR5xzgKSuvaLwbH0XINaIhay5', '7829dfe9-18fe-4ab1-886d-412353168a94', 'XJXIOJ8', 'A9', 'BUSINESS');
INSERT INTO PUBLIC.BOOKINGPASSENGERS (BOOKING_ID, TICKET_NUMBER, MARS_ID, SEAT, TICKET_CLASS) VALUES ('cs_test_a1ANDVbNmcWSbhNZimZpQKW6JTcFEQ7OzXLVZ48KjX94bHHzI5kt43uOzz', '8650a4d0-dcea-4360-ba2a-fbcaf2b5fee0', 'XJOIXJ8', 'A1', 'ROYAL');
INSERT INTO PUBLIC.BOOKINGPASSENGERS (BOOKING_ID, TICKET_NUMBER, MARS_ID, SEAT, TICKET_CLASS) VALUES ('cs_test_a1ANDVbNmcWSbhNZimZpQKW6JTcFEQ7OzXLVZ48KjX94bHHzI5kt43uOzz', '916f1767-2461-40b5-865e-f73057880f65', 'XJXIOJ8', 'A2', 'ROYAL');
INSERT INTO PUBLIC.BOOKINGPASSENGERS (BOOKING_ID, TICKET_NUMBER, MARS_ID, SEAT, TICKET_CLASS) VALUES ('cs_test_a1JZtQAjtDrFIG4ariRUTjUyTniZ3m9qASNvgask7XfHcO8MRGvPr9QU7u', 'df9cf51a-e8bf-4f26-96e0-f6711654ec10', 'XJOIXJ8', 'A1', 'ECONOMIC');
INSERT INTO PUBLIC.BOOKINGPASSENGERS (BOOKING_ID, TICKET_NUMBER, MARS_ID, SEAT, TICKET_CLASS) VALUES ('cs_test_a1JZtQAjtDrFIG4ariRUTjUyTniZ3m9qASNvgask7XfHcO8MRGvPr9QU7u', 'd51649fb-e4ce-4e3e-93ce-4cbc6cc10124', 'XJXIOJ8', 'A2', 'ECONOMIC');